LEVEL1,LEVEL2,LEVEL3,LEVEL4,TOOLTIP,SOURCE,SOURCE URL,SIDEBAR1,SIDEBAR2,SIDEBAR3,1397,MORE INFO,LEVEL
درآمدها,مالیات,مالیات شرکت‌ها,مالیات اشخاص حقوقی,مالیات عالی‌الحساب اشخاص حقوقی,ردیف شماره ۱۱۰۱۰۲ از جدول شماره ۵,,"5,341.447",0.000,0.000,"5,341.447",,4
درآمدها,مالیات,مالیات شرکت‌ها,مالیات شرکت‌های دولتی,مالیات عملکرد شرکت‌های دولتی,ردیف شماره ۱۱۰۱۰۳ از جدول شماره ۵,,"7,327.405",0.000,0.000,"7,327.405",,4
درآمدها,مالیات,مالیات شرکت‌ها,مالیات‌ نهادها و بنیادها,مالیات‌ نهادها و بنیادهای انقلاب اسلامی,ردیف شماره ۱۱۰۱۰۴ از جدول شماره ۵,,10.763,0.000,0.109,10.872,,4
درآمدها,مالیات,مالیات شرکت‌ها,مالیات اشخاص حقوقی غیر دولتی,مالیات اشخاص حقوقی غیر دولتی,ردیف شماره ۱۱۰۱۰۵ از جدول شماره ۵,,0.000,"23,383.107",236.193,"23,619.300",,4
درآمدها,مالیات,مالیات شرکت‌ها,مالیات آستان قدس,مالیات شرکت‌ها و موسسات وابسته به آستان قدس رضوی,ردیف شماره ۱۱۰۱۱۱ از جدول شماره ۵,,30.000,0.000,0.000,30.000,در ردیف شماره 530000 - 42 از بودجه مترقه بخش هزینه‌ها، ردیفی با عنوان استرداد مالیات آستان قدس رضوی با قیمت ۳۰ میلیارد تومان پیش‌بینی شده است. در واقع دولت در لایحه بودجه همزمان با اضافه کردن این ردیف در بخش درآمدهای عمومی، ردیف دیگری را در بخش هزینه‌های متفرقه پیش‌بینی کرده تا در صورت عدم پرداخت مالیات از سوی آستان قدس و عدم تحقق این ردیف، از اعتبارات ردیف دیگری کسر نشود. ,4
درآمدها,مالیات,مالیات شرکت‌ها,,مالیات اشخاص حقوقی,ردیف شماره ۱۱۰۱۰۰ از جدول شماره ۵,,"12,709.615","23,383.107",236.302,"36,329.024",,3
درآمدها,مالیات,مالیات بر درآمد,مالیات حقوق کارکنان دولتی,مالیات حقوق کارکنان دولتی و بخش عمومی,ردیف شماره ۱۱۰۲۰۱ از جدول شماره ۵,,0.000,"6,120.021",61.818,"6,181.839",,4
درآمدها,مالیات,مالیات بر درآمد,مالیات حقوق کارکنان بخش خصوصی,مالیات حقوق کارکنان بخش خصوصی,ردیف شماره ۱۱۰۲۰۲ از جدول شماره ۵,,0.000,"5,729.208",57.871,"5,787.079",,4
درآمدها,مالیات,مالیات بر درآمد,مالیات مشاغل,مالیات مشاغل,ردیف شماره ۱۱۰۲۰۳ از جدول شماره ۵,,0.000,"6,118.371",61.802,"6,180.173",,4
درآمدها,مالیات,مالیات بر درآمد,مالیات مستغلات,مالیات مستغلات,ردیف شماره ۱۱۰۲۰۴ از جدول شماره ۵,,0.000,"1,302.222",13.154,"1,315.375",,4
درآمدها,مالیات,مالیات بر درآمد,مالیات‌های متفرقه درآمد,مالیات‌های متفرقه درآمد,ردیف شماره ۱۱۰۲۰۵ از جدول شماره ۵,,0.000,6.000,0.061,6.061,,4
درآمدها,مالیات,مالیات بر درآمد,معافیت مالیاتی,معافیت مالیاتی (جمعی - خرجی) ,ردیف شماره ۱۱۰۲۰۶ از جدول شماره ۵,,120.000,0.000,0.000,120.000,,4
درآمدها,مالیات,مالیات بر درآمد,,مالیات بر درآمدها,ردیف شماره ۱۱۰۲۰۰ از جدول شماره ۵,,120.000,"19,275.822",194.705,"19,590.527",,3
درآمدها,مالیات,مالیات بر ثروت,مالیات بر ارث,مالیات بر ارث,ردیف شماره ۱۱۰۳۰۱ از جدول شماره ۵,,0.000,610.308,6.165,616.473,,4
درآمدها,مالیات,مالیات بر ثروت,مالیات‌های اتفاقی,مالیات‌های اتفاقی,ردیف شماره ۱۱۰۳۰۲ از جدول شماره ۵,,0.000,5.337,0.054,5.391,,4
درآمدها,مالیات,مالیات بر ثروت,مالیات نقل و انتقال سرقفلی,مالیات نقل و انتقال سرقفلی,ردیف شماره ۱۱۰۳۰۳ از جدول شماره ۵,,0.000,896.435,9.055,905.490,,4
درآمدها,مالیات,مالیات بر ثروت,مالیات نقل و انتقال سهام,مالیات نقل و انتقال سهام,ردیف شماره ۱۱۰۳۰۴ از جدول شماره ۵,,0.000,833.231,8.417,841.648,,4
درآمدها,مالیات,مالیات بر ثروت,مالیات نقل و انتقالات املاک,مالیات نقل و انتقالات املاک,ردیف شماره ۱۱۰۳۰۵ از جدول شماره ۵,,0.000,667.522,6.743,674.264,,4
درآمدها,مالیات,مالیات بر ثروت,حق تمبر,حق تمبر و اوراق بهادار,ردیف شماره ۱۱۰۳۰۶ از جدول شماره ۵,,0.000,477.788,4.826,482.614,,4
درآمدها,مالیات,مالیات بر ثروت,,مالیات بر ثروت,ردیف شماره ۱۱۰۳۰۰ از جدول شماره ۵,,0.000,"3,490.621",35.259,"3,525.880",,3
درآمدها,مالیات,مالیات بر واردات,حق گمرکی کالاها,حقوق ورودی کالاها (موضوع بند ب ماده ۱۵ آیین‌نامه اجرایی قانون امور گمرکی),ردیف شماره ۱۱۰۴۰۱ از جدول شماره ۵,,"19,920.000",0.000,456.400,"20,376.400",,4
درآمدها,مالیات,مالیات بر واردات,حقوق ورودی خودرو,حقوق وردی خودرو,ردیف شماره ۱۱۰۴۰۲ از جدول شماره ۵,,"2,205.000",0.000,0.000,"2,205.000",,4
درآمدها,مالیات,مالیات بر واردات,حقوق ورودی دستگاه‌های اجرایی,حقوق ورودی دستگاه‌های اجرایی,ردیف شماره ۱۱۰۴۰۳ از جدول شماره ۵,,94.000,0.000,0.000,94.000,,4
درآمدها,مالیات,مالیات بر واردات,نیم درصد عوارض بر واردات,نیم درصد عوارض بر واردات,ردیف شماره ۱۱۰۴۰۵ از جدول شماره ۵,,0.000,0.000,330.000,330.000,,4
درآمدها,مالیات,مالیات بر واردات,ثبت معافیت‌ها و تخفیفات گمرکی,ثبت معافیت‌ها و تخفیفات گمرکی,ردیف شماره ۱۱۰۴۰۶ از جدول شماره ۵,,600.000,0.000,0.000,600.000,,4
درآمدها,مالیات,مالیات بر واردات,درآمدهای قانون مدیریت حمل و مقل ,حقوق ورودی موضوع ماده ۲ قانون مدیریت حمل و نقل سوخت,ردیف شماره ۱۱۰۴۰۸ از جدول شماره ۵,,200.000,0.000,0.000,200.000,,4
درآمدها,مالیات,مالیات بر واردات,استرداد حقوق ورودی,استرداد حقوق ورودی کالاهای وارداتی موضوع بند ب تبصره ۷,ردیف شماره ۱۱۰۴۰۹ از جدول شماره ۵,,0.000,0.000,0.000,0.000,,4
درآمدها,مالیات,مالیات بر واردات,,مالیات بر واردات,ردیف شماره ۱۱۰۴۰۰ از جدول شماره ۵,,"23,019.000",0.000,786.400,"23,805.400",,3
درآمدها,مالیات,مالیات بر کالا و خدمات,مالیات بنزین,مالیات بر بنزین به میزان ۲۰ درصد قیمت مصوب فروش,ردیف شماره ۱۱۰۵۰۱ از جدول شماره ۵,,"5,007.600",0.000,50.582,"5,058.182",,4
درآمدها,مالیات,مالیات بر کالا و خدمات,دو درصد مالیات سایر کالاها,دو درصد مالیات سایر کالاها (معوق),ردیف شماره ۱۱۰۵۰۲ از جدول شماره ۵,,0.000,10.000,0.101,10.101,,4
درآمدها,مالیات,مالیات بر کالا و خدمات,عوارض خروج از کشور,عوارض خروج مسافر از مرزهای کشور,ردیف شماره ۱۱۰۵۰۴ از جدول شماره ۵,,0.000,"1,176.328",0.000,"1,176.328",,4
درآمدها,مالیات,مالیات بر کالا و خدمات,درآمدهای قانونی (مربوط به شهرداری‌ها),درآمد حاصل از اخذ ۱۰ درصد حق بیمه شخص ثالث، سرنشین و مازاد توسط شرکت‌های بیمه تجاری بابت ارتقا کیفیت خدمات رسانی در امر حمل و نقل (بلافاصله پس از صدور بیمه‌نامه به خزانه واریز گردد),ردیف شماره ۱۱۰۵۰۵ از جدول شماره ۵,,0.000,0.000,652.000,652.000,,4
درآمدها,مالیات,مالیات بر کالا و خدمات,مالیات فروش سیگار,مالیات بر فروش سیگار,ردیف شماره ۱۱۰۵۰۶ از جدول شماره ۵,,0.000,528.958,5.343,534.301,,4
درآمدها,مالیات,مالیات بر کالا و خدمات,مالیات نقل و انتقالات اتومبیل,مالیات بر نقل و انتقالات اتومبیل,ردیف شماره ۱۱۰۵۰۷ از جدول شماره ۵,,0.000,756.904,7.646,764.549,,4
درآمدها,مالیات,مالیات بر کالا و خدمات,مالیات شماره‌گذاری خودرو,مالیات شماره‌گذاری خودرو,ردیف شماره ۱۱۰۵۰۸ از جدول شماره ۵,,0.000,"1,666.405",16.832,"1,683.238",,4
درآمدها,مالیات,مالیات بر کالا و خدمات,مالیات ارزش افزوده,مالیات بر ارزش افزوده,ردیف شماره ۱۱۰۵۱۲ از جدول شماره ۵,,0.000,"29,629.400",299.287,"29,928.687",,4
درآمدها,مالیات,مالیات بر کالا و خدمات,یک درصد مالیات ارزش افزوده برای سلامت,درآمد حاصل از یک درصد نرخ مالیات بر ارزش افزوده,ردیف شماره ۱۱۰۵۱۳ از جدول شماره ۵,,0.000,"5,925.900",59.858,"5,985.758",,4
درآمدها,مالیات,مالیات بر کالا و خدمات,مالیات افزوده برای توسعه ورزش,۰.۲۷درصداز۳ درصدتعرفه مالیات برارزش افزوده شهرداری‌ها برای توسعه ورزش مدارس، ورزش همگانی، ورزش روستایی وعشایری، ورزش بانوان وزیرساخت‌های ورزشی به ویژه درحوزه معلولین و جانبازان,ردیف شماره ۱۱۰۵۱۴ از جدول شماره ۵,,533.340,0.000,5.387,538.727,,4
درآمدها,مالیات,مالیات بر کالا و خدمات,مالیات بر مصرف سیگار,مالیات بر مصرف سیگار,ردیف شماره ۱۱۰۵۱۵ از جدول شماره ۵,,"1,486.000",0.000,0.000,"1,486.000",,4
درآمدها,مالیات,مالیات بر کالا و خدمات,,مالیات بر کالا و خدمات,ردیف شماره ۱۱۰۵۰۰ از جدول شماره ۵,,"7,026.940","39,693.895","1,097.036","47,817.870",,3
درآمدها,مالیات,,,درآمدها مالیاتی,ردیف شماره ۱۱۰۰۰۰ از جدول شماره ۵,,"42,875.555","85,843.445","2,349.701","131,068.701",,2
درآمدها,حق بیمه,,,حق بیمه شخص ثالث، سرنشین و مازاد,ردیف شماره ۱۲۰۰۰۰ از جدول شماره ۵,,0.000,0.000,"1,500.000","1,500.000",,2
درآمدها,حق مالکیت دولت,سود سهام دولتی,سود سهام شرکت‌های دولتی,سود سهام ابزاری شرکت‌های دولتی,ردیف شماره ۱۳۰۱۰۱ از جدول شماره ۵,,"10,562.798",0.000,0.000,"10,562.798",,4
درآمدها,حق مالکیت دولت,سود سهام دولتی,سود سهام معوقه شرکت‌های دولتی,سود سهام معوقه شرکت‌های دولتی,ردیف شماره ۱۳۰۱۰۵ از جدول شماره ۵,,"4,937.202",0.000,0.000,"4,937.202",,4
درآمدها,حق مالکیت دولت,سود سهام دولتی,سود سهام شرکت‌های نیمه دولتی,سود سهام شرکت‌های نیمه دولتی (سهم دولتی کمتر از ۵۰درصد),ردیف شماره ۱۳۰۱۰۸ از جدول شماره ۵,,500.000,0.000,0.000,500.000,,4
درآمدها,حق مالکیت دولت,سود سهام دولتی,,سود سهام شرکت‌های دولتی,ردیف شماره ۱۳۰۱۰۰ از جدول شماره ۵,,"16,000.000",0.000,0.000,"16,000.000",,3
درآمدها,حق مالکیت دولت,درآمد اجاره ,,درآمدهای حاصل از اجاره ساختمان‌ها و اراضی (از جمله امکانات، اماکن و فضاهای آموزشی، فرهنگی، هنری و ورزشی کلیه دستگاه‌های اجرایی) ,ردیف شماره ۱۳۰۳۰۰ از جدول شماره ۵,,144.902,17.100,151.500,313.502,,3
درآمدها,حق مالکیت دولت,سایر درآمدهای مالکیتی,حق امتیاز شبکه (ارتباطات و فناوری اطلاعات),حق امتیاز شبکه و جریمه عدم انجام تعهدات (بخش ارتباطات و فناوری اطلاعات),ردیف شماره ۱۳۰۴۰۴ از جدول شماره ۵,,"5,544.000",0.000,0.000,"5,544.000",,4
درآمدها,حق مالکیت دولت,سایر درآمدهای مالکیتی,نیم درصد درآمد مشمول مالیات بانک‌های کشور,نیم درصد درآمد مشمول مالیات بانک‌های کشور (موضوع قانون تهیه مسکن برای افراد کم درآمد),ردیف شماره ۱۳۰۴۰۵ از جدول شماره ۵,,30.000,0.000,0.000,30.000,,4
درآمدها,حق مالکیت دولت,سایر درآمدهای مالکیتی,بهره مالکانه و حقوق دولتی معادن,درآمد حاصل از بهره مالکانه و حقوق دولتی معادن,ردیف شماره ۱۳۰۴۰۸ از جدول شماره ۵,,"1,050.000",0.000,0.000,"1,050.000",,4
درآمدها,حق مالکیت دولت,سایر درآمدهای مالکیتی,درآمد خدمات عمومی اجباری روستایی,درآمد حاصل از خدمات عمومی اجباری روستایی,ردیف شماره ۱۳۰۴۱۲ از جدول شماره ۵,,206.000,0.000,0.000,206.000,,4
درآمدها,حق مالکیت دولت,سایر درآمدهای مالکیتی,درآمد نامبرینگ (شماره‌گذاری مخابراتی),درآمد حاصل از نامبرینگ (شماره‌گذاری مخابراتی),ردیف شماره ۱۳۰۴۱۳ از جدول شماره ۵,,200.000,0.000,0.000,200.000,,4
درآمدها,حق مالکیت دولت,سایر درآمدهای مالکیتی,درآمد از حق‌السهم سازمان,درآمد حاصل از حق‌السهم سازمان,ردیف شماره ۱۳۰۴۱۴ از جدول شماره ۵,,50.000,0.000,0.000,50.000,,4
درآمدها,حق مالکیت دولت,سایر درآمدهای مالکیتی,درآمد فعالیت‌های نظام تایید صلاحیت,درآمد حاصل از فعالیت‌های نظام تایید صلاحیت,ردیف شماره ۱۳۰۴۱۵ از جدول شماره ۵,,5.000,0.000,0.000,5.000,,4
درآمدها,حق مالکیت دولت,سایر درآمدهای مالکیتی,درآمد بهره مالکانه طرح‌های جنگلداری,درآمد حاصل از بهره مالکانه طرح‌های جنگل‌داری و محصولات جنگلی و مرتعی,ردیف شماره ۱۳۰۴۱۶ از جدول شماره ۵,,100.000,0.000,0.000,100.000,,4
درآمدها,حق مالکیت دولت,سایر درآمدهای مالکیتی,عوارض پروانه اکتشاف معدن,درآمد حاصل از تبصره‌های (۲) و (۳) ماده قانون اصلاح قانون معادن,ردیف شماره ۱۳۰۴۱۸ از جدول شماره ۵,,15.000,0.000,0.000,15.000,,4
درآمدها,حق مالکیت دولت,سایر درآمدهای مالکیتی,درآمد صدور مجوزهای شورای عالی فضای مجازی,درآمد صدور مجوزهای شورای عالی فضای مجازی,ردیف شماره ۱۳۰۴۲۰ از جدول شماره ۵,,5.000,0.000,0.000,5.000,,4
درآمدها,حق مالکیت دولت,سایر درآمدهای مالکیتی,حقوق انحصار محصولات دخانی,درآمد وزارت صنعت بابت حقوق انحصار محصولات دخانی,ردیف شماره ۱۳۰۴۲۱ از جدول شماره ۵,,100.000,0.000,0.000,100.000,,4
درآمدها,حق مالکیت دولت,سایر درآمدهای مالکیتی,درآمد فروش هولوگرام حامل‌های دیجیتال,درآمد حاصل از فروش هولوگرام حامل‌های دیجیتال,ردیف شماره ۱۳۰۴۲۲ از جدول شماره ۵,,3.000,0.000,0.000,3.000,,4
درآمدها,حق مالکیت دولت,سایر درآمدهای مالکیتی,,سایر درآمدهای مالکیتی,ردیف شماره ۱۳۰۴۰۰ از جدول شماره ۵,,"7,308.000",0.000,0.000,"7,308.000",,3
درآمدها,حق مالکیت دولت,,,درآمدهای حاصل از مالکیت دولت ,ردیف شماره ۱۳۰۰۰۰ از جدول شماره ۵,,"23,452.902",17.100,151.500,"23,621.502",,2
درآمدها,فروش کالا و خدمات,فروش خدمات,درآمد قضایی,درآمد حاصل از خدمات قضایی,ردیف شماره ۱۴۰۱۰۱ از جدول شماره ۵,,"3,555.000",142.000,0.000,"3,697.000",,4
درآمدها,فروش کالا و خدمات,فروش خدمات,درآمد خدمات آموزشی و فرهنگی,درآمد حاصل از خدمات آموزشی و فرهنگی,ردیف شماره ۱۴۰۱۰۳ از جدول شماره ۵,,190.500,0.600,"2,813.809","3,004.909",,4
درآمدها,فروش کالا و خدمات,فروش خدمات,درآمد خدمات بهداشتی و درمانی,درآمد حاصل از خدمات بهداشتی و درمانی,ردیف شماره ۱۴۰۱۰۴ از جدول شماره ۵,,80.000,0.000,"28,431.507","28,511.507",,4
درآمدها,فروش کالا و خدمات,فروش خدمات,درآمد خدمات کشاورزی، صنعتی و معدنی,درآمد حاصل از خدمات کشاورزی، صنعتی و معدنی,ردیف شماره ۱۴۰۱۰۵ از جدول شماره ۵,,27.000,13.110,111.100,151.210,,4
درآمدها,فروش کالا و خدمات,فروش خدمات,درآمد مخابراتی,درآمد حاصلی از خدمات مخابراتی (حق استفاده از فرکانس رادیویی),ردیف شماره ۱۴۰۱۰۶ از جدول شماره ۵,,400.000,0.000,0.000,400.000,,4
درآمدها,فروش کالا و خدمات,فروش خدمات,درآمد خدمات پژوهشی و تحقیقاتی,درآمدهای حاصل از خدمات – درآمد حاصل از خدمات پژوهشی و تحقیقاتی,ردیف شماره ۱۴۰۱۰۷ از جدول شماره ۵,,0.000,0.000,"2,605.100","2,605.100",,4
درآمدها,فروش کالا و خدمات,فروش خدمات,درآمد خدمات آزمایشگاهی,درآمدهای حاصل از خدمات – درآمد حاصل از خدمات آزمایشگاهی,ردیف شماره ۱۴۰۱۰۸ از جدول شماره ۵,,6.000,86.800,17.100,109.900,,4
درآمدها,فروش کالا و خدمات,فروش خدمات,درآمد خدمات کنسولی,درآمد حاصل از خدمات کنسولی,ردیف شماره ۱۴۰۱۰۹ از جدول شماره ۵,,0.000,0.000,500.000,500.000,,4
درآمدها,فروش کالا و خدمات,فروش خدمات,درآمد صدور و تمدید گواهینامه هوایی,درآمد آزمایش استاندارد و صدور تمدید گواهینامه، اجازه‌نامه و پروانه بهره‌برداری هوایی,ردیف شماره ۱۴۰۱۱۰ از جدول شماره ۵,,0.000,0.000,95.000,95.000,,4
درآمدها,فروش کالا و خدمات,فروش خدمات,درآمد خدمات ثبتی,درآمد حاصل از خدمات ثبتی,ردیف شماره ۱۴۰۱۱۱ از جدول شماره ۵,,0.070,852.500,617.500,"1,470.070",,4
درآمدها,فروش کالا و خدمات,فروش خدمات,درآمد خدمات گمرکی,درآمد حاصل از خدمات گمرکی,ردیف شماره ۱۴۰۱۱۲ از جدول شماره ۵,,0.000,80.000,0.000,80.000,,4
درآمدها,فروش کالا و خدمات,فروش خدمات,صدور و تمدید گذرنامه,درآمد حاصل از اخذ ۶۰۰ هزار ریال بابت صدور، تعویض و تمدید گذرنامه,ردیف شماره ۱۴۰۱۱۳ از جدول شماره ۵,,0.000,600.000,0.000,600.000,,4
درآمدها,فروش کالا و خدمات,فروش خدمات,تعویض پلاک خودرو,درآمد حاصل از واگذاری و تعویض پلاک خودرو و موتور سیکلت,ردیف شماره ۱۴۰۱۱۴ از جدول شماره ۵,,525.000,0.000,0.000,525.000,,4
درآمدها,فروش کالا و خدمات,فروش خدمات,بازارچه‌های مشترک مرزی,درآمد حاصل از ارائه خدمات و اجازه استفاده از امکانات بازارچه‌های مشترک مرزی,ردیف شماره ۱۴۰۱۱۵ از جدول شماره ۵,,0.000,17.000,0.000,17.000,,4
درآمدها,فروش کالا و خدمات,فروش خدمات,درآمد خدمات الکترونیکی,درآمد حاصل از ارائه خدمات الکترونیکی,ردیف شماره ۱۴۰۱۱۶ از جدول شماره ۵,,230.000,0.000,0.000,230.000,,4
درآمدها,فروش کالا و خدمات,فروش خدمات,درآمد هنرستان‌های فنی و حرفه‌ای,درآمد حاصل از هنرستان‌های فنی و حرفه‌ای,ردیف شماره ۱۴۰۱۱۷ از جدول شماره ۵,,0.000,0.000,45.000,45.000,,4
درآمدها,فروش کالا و خدمات,فروش خدمات,درآمدهای قانونی (مربوط به آموزش و پروش),درآمد حاصل از بند ۲ ماده ۱۳ و مواد ۱۶ و ۱۸ قانون تشکیل شوراهای آموزش و پرورش,ردیف شماره ۱۴۰۱۱۸ از جدول شماره ۵,,0.000,0.000,210.000,210.000,,4
درآمدها,فروش کالا و خدمات,فروش خدمات,درآمدهای قانونی (مربوط به طرح جامع و حریم شهرها),درآمد موضوع ماده ۹۹ قانون شهرداری‌ها,ردیف شماره ۱۴۰۱۱۹ از جدول شماره ۵,,0.000,16.000,0.000,16.000,,4
درآمدها,فروش کالا و خدمات,فروش خدمات,فروش سایر خدمات,درآمد حاصل از فروش سایر خدمات,ردیف شماره ۱۴۰۱۲۰ از جدول شماره ۵,,147.550,43.750,"1,116.009","1,307.309",,4
درآمدها,فروش کالا و خدمات,فروش خدمات,حق‌ ثبت دارو,درآمدحق‌ ثبت، دارو یا مواد اولیه آن,ردیف شماره ۱۴۰۱۲۱ از جدول شماره ۵,,0.000,0.000,40.000,40.000,,4
درآمدها,فروش کالا و خدمات,فروش خدمات,درآمد ثبت بین‌المللی مالکیت صنعتی,درآمد حاصل از ثبت بین‌المللی مالکیت صنعتی,ردیف شماره ۱۴۰۱۲۳ از جدول شماره ۵,,4.000,0.000,0.000,4.000,,4
درآمدها,فروش کالا و خدمات,فروش خدمات,درآمد تبدیل اسناد به میکروفیلم,درآمد حاصل از تبدیل اسناد به میکروفیلم,ردیف شماره ۱۴۰۱۲۴ از جدول شماره ۵,,0.000,0.000,0.100,0.100,,4
درآمدها,فروش کالا و خدمات,فروش خدمات,درآمد ورودی موزه‌ها,درآمد حاصل از ورودی موزه‌ها,ردیف شماره ۱۴۰۱۲۵ از جدول شماره ۵,,23.615,42.000,45.000,110.615,,4
درآمدها,فروش کالا و خدمات,فروش خدمات,درآمد تعویض سندهای مالکیت,درآمد حاصل از تعویض سندهای مالکیت,ردیف شماره ۱۴۰۱۴۱ از جدول شماره ۵,,200.000,0.000,144.800,344.800,,4
درآمدها,فروش کالا و خدمات,فروش خدمات,درآمد صدور گواهی الکترونیکی,درآمد حاصل از صدور گواهی الکترونیکی,ردیف شماره ۱۴۰۱۴۲ از جدول شماره ۵,,1.500,0.000,0.000,1.500,,4
درآمدها,فروش کالا و خدمات,فروش خدمات,درآمد ارائه خدمات به موسسات برقی,درآمد موضوع تبصره ماده ۸ قانون برق,ردیف شماره ۱۴۰۱۴۴ از جدول شماره ۵,,95.000,0.000,0.000,95.000,,4
درآمدها,فروش کالا و خدمات,فروش خدمات,درآمد مراکز آموزشی و رفاهی,درآمدهای حاصل از خدمات درآمد حاصل از مراکز آموزشی و رفاهی,ردیف شماره ۱۴۰۱۴۵ از جدول شماره ۵,,0.000,0.000,287.040,287.040,,4
درآمدها,فروش کالا و خدمات,فروش خدمات,درآمد خدمات کارشناسی,درآمد کارشناسی رسیدگی به شکایات مناقصات و هزینه تشخیص صلاحیت فنی، اجرایی,ردیف شماره ۱۴۰۱۴۶ از جدول شماره ۵,,10.000,0.000,0.000,10.000,,4
درآمدها,فروش کالا و خدمات,فروش خدمات,درآمد جذب هیات علمی دانشگاه‌ها,درآمد حاصل از جذب و گزینش اعضای هیئت علمی دانشگاه‌ها و موسسات آموزش عالی,ردیف شماره ۱۴۰۱۴۷ از جدول شماره ۵,,0.000,0.000,2.000,2.000,,4
درآمدها,فروش کالا و خدمات,فروش خدمات,درآمد صدور کارت هوشمند ملی,درآمد حاصل از ثبت‌نام و صدور کارت هوشمند ملی,ردیف شماره ۱۴۰۱۴۹ از جدول شماره ۵,,420.000,0.000,0.000,420.000,,4
درآمدها,فروش کالا و خدمات,فروش خدمات,درآمد هوشمندسازی گواهینامه رانندگی,درآمد هوشمندسازی گواهینامه رانندگی,ردیف شماره ۱۴۰۱۵۱ از جدول شماره ۵,,0.000,200.000,0.000,200.000,,4
درآمدها,فروش کالا و خدمات,فروش خدمات,جریمه دیرکرد تعویض گواهینامه,درآمد حاصل از تعویق در تعویض گواهینامه,ردیف شماره ۱۴۰۱۵۲ از جدول شماره ۵,,0.000,26.000,0.000,26.000,,4
درآمدها,فروش کالا و خدمات,فروش خدمات,درآمد انگشت‌نگاری,درآمد حاصل از انگشت‌نگاری,ردیف شماره ۱۴۰۱۵۴ از جدول شماره ۵,,0.000,40.000,0.000,40.000,,4
درآمدها,فروش کالا و خدمات,فروش خدمات,درآمد صدور کارت معافیت سربازی,درآمد صدور کارت معافیت دائم مشمولان وظیفه از خدمت سربازی,ردیف شماره ۱۴۰۱۵۵ از جدول شماره ۵,,0.000,35.000,0.000,35.000,,4
درآمدها,فروش کالا و خدمات,فروش خدمات,درآمد خدمات سواد آموزی,درآمد حاصل از خدمات نهضت سواد آموزی شامل کمک‌های بین المللی، اجاره ساختمان‌ها و سایر خدمات آموزشی، پرورشی رایانه‌ای و فروش نشریات,ردیف شماره ۱۴۰۱۵۶ از جدول شماره ۵,,0.000,0.000,3.550,3.550,,4
درآمدها,فروش کالا و خدمات,فروش خدمات,درآمد خدمات انتظامی,درآمد حاصل از خدمات انتظامی,ردیف شماره ۱۴۰۱۵۷ از جدول شماره ۵,,0.000,130.000,0.000,130.000,,4
درآمدها,فروش کالا و خدمات,فروش خدمات,درآمد دانشگاه‌های افسری,درآمد حاصل از جذب و استخدام داوطلبان دانشگاه‌های افسری آجا,ردیف شماره ۱۴۰۱۵۸ از جدول شماره ۵,,0.000,0.000,3.000,3.000,,4
درآمدها,فروش کالا و خدمات,فروش خدمات,سایر خدمات آموزشی,درآمد حاصل از سایر خدمات آموزشی (شامل درآمد اختصاصی مربوط به اخذ وجوه مرتبط به هزینه‌های ثبت‌نام داوطلبان متفرقه امتحانات – آزمون‌های متفرقه و صدور تاییدیه تحصیلی – ارائه خدمات آموزشی، پرورشی، رایانه‌ای و فروش نشریات وزارت آموزش و پرورش و درآمد اختصاصی سازمان‌های مدیریت و برنامه‌ریزی استان‌ها، مرکز آموزش مدیریت دولتی – همچنین درآمد خدمات آموزشی سازمان امور دانشجویان بابت خرید تعهدات آموزش رایگان، خرید تعهدات مستنکفین بورس و ارز بگیران، ارزشیابی مدارک تحصیلی، اخذ هزینه‌های ثبت‌نام آزمون‌های زبان خارجی و اعزام به خارج و فروش انتشارات، هزینه‌های ثبت‌نام در سامانه‌ها),ردیف شماره ۱۴۰۱۵۹ از جدول شماره ۵,,0.000,0.000,415.600,415.600,,4
درآمدها,فروش کالا و خدمات,فروش خدمات,درآمد خدمات استانداردسازی,درآمد حاصل از خدمات استانداردسازی,ردیف شماره ۱۴۰۱۶۰ از جدول شماره ۵,,0.100,490.000,0.000,490.100,,4
درآمدها,فروش کالا و خدمات,فروش خدمات,درآمد خدمات مشاوره‌ای دوره‌های فنی و حرفه‌ای,درآمد خدمات مشاوره‌ای به متقاضیان دوره‌های آموزشی فنی و حرفه‌ای,ردیف شماره ۱۴۰۱۶۱ از جدول شماره ۵,,6.000,0.000,0.000,6.000,,4
درآمدها,فروش کالا و خدمات,فروش خدمات,درآمد خدمات تجارت الکترونیکی,درآمد حاصل از خدمات تجارت الکترونیکی,ردیف شماره ۱۴۰۱۶۲ از جدول شماره ۵,,0.600,0.000,0.000,0.600,,4
درآمدها,فروش کالا و خدمات,فروش خدمات,درآمد هوشمند‌سازی کارت خودرو,درآمد حاصل از هوشمند‌سازی کارت مشخصات خودرو,ردیف شماره ۱۴۰۱۶۳ از جدول شماره ۵,,150.000,0.000,0.000,150.000,,4
درآمدها,فروش کالا و خدمات,فروش خدمات,درآمد نظارت و مراقبت الکترونیکی,درآمد حاصل از نظارت و مراقبت الکترونیکی,ردیف شماره ۱۴۰۱۶۴ از جدول شماره ۵,,1.000,0.000,0.000,1.000,,4
درآمدها,فروش کالا و خدمات,فروش خدمات,درآمد یک در هزار حق‌الثبت اموال غیر دولتی,درآمد حاصل از یک در هزار قیمت منطقه‌ای حق‌الثبت اموال غیر دولتی,ردیف شماره ۱۴۰۱۶۵ از جدول شماره ۵,,0.200,0.000,0.000,0.200,,4
درآمدها,فروش کالا و خدمات,فروش خدمات,درآمد صدور الکترونیکی اسناد رسمی,درآمد حاصل از صدور الکترونیکی اسناد رسمی,ردیف شماره ۱۴۰۱۶۶ از جدول شماره ۵,,100.000,0.000,0.000,100.000,,4
درآمدها,فروش کالا و خدمات,فروش خدمات,درآمد افزایش تعرفه استعلام املاک,درآمد حاصل از افزایش تعرفه پاسخ الکترونیک به استعلام وضعیت املاک بانک جامع اطلاعات,ردیف شماره ۱۴۰۱۶۷ از جدول شماره ۵,,100.000,0.000,0.000,100.000,,4
درآمدها,فروش کالا و خدمات,فروش خدمات,درآمد خدمات رفاهی دانشجویان,درآمد حاصل از خدمات رفاهی دانشجویان,ردیف شماره ۱۴۰۱۶۸ از جدول شماره ۵,,0.000,0.000,175.764,175.764,,4
درآمدها,فروش کالا و خدمات,فروش خدمات,درآمد خدمات دهی به اماکن عمومی,درآمد حاصل از خدمات دهی به اماکن عمومی,ردیف شماره ۱۴۰۱۷۲ از جدول شماره ۵,,32.000,0.000,0.000,32.000,,4
درآمدها,فروش کالا و خدمات,فروش خدمات,درآمد صدور دفترچه ترانزیت رانندگی,درآمد حاصل از صدور دفترچه ترانزیت رانندگی,ردیف شماره ۱۴۰۱۷۳ از جدول شماره ۵,,10.000,0.000,0.000,10.000,,4
درآمدها,فروش کالا و خدمات,فروش خدمات,درآمد ارائه خدمات الکترونیکی به دستگاه‌ها,درآمد حاصل از ارائه خدماتالکترونیکی به دستگاه‌ها و سازمان‌های دولتی و عمومی,ردیف شماره ۱۴۰۱۷۴ از جدول شماره ۵,,125.000,0.000,0.000,125.000,,4
درآمدها,فروش کالا و خدمات,فروش خدمات,درآمدهایسازمان انرژی‌های تجدیدپذیر (ساتبا),درآمدهای حاصل ازارائه خدمات به متقاضیان سازمان انرژی‌های تجدیدپذیر وبهره‌وری انرژی برق ساتبا,ردیف شماره ۱۴۰۱۷۵ از جدول شماره ۵,,0.000,0.000,5.000,5.000,,4
درآمدها,فروش کالا و خدمات,فروش خدمات,درآمد آزمون نظام فنی و اجرایی,درآمد حاصل از برگزاری آزمون صدور گواهی عوامل اجرایی نظام فنی و اجرایی کشور,ردیف شماره ۱۴۰۱۷۶ از جدول شماره ۵,,3.000,0.000,0.000,3.000,,4
درآمدها,فروش کالا و خدمات,فروش خدمات,درآمد حق فنی استعلامات,درآمد حاصل از حق فنی استعلامات,ردیف شماره ۱۴۰۱۷۷ از جدول شماره ۵,,5.000,0.000,0.000,5.000,,4
درآمدها,فروش کالا و خدمات,فروش خدمات,مراکز مشاوره آگاهی ,درامد حاصل از ارائه خدمات مراکز مشاوره آگاهی توسط نیروی انتظامی,ردیف شماره ۱۴۰۱۷۸ از جدول شماره ۵,,100.000,0.000,0.000,100.000,,4
درآمدها,فروش کالا و خدمات,فروش خدمات,درآمد بانک ژنتیک,درآمد حاصل از ایجاد بانک ژنتیک در راستای بند ۶ ماده ۴۶ قانون احکام دائمی برنامه‌های توسعه کشور,ردیف شماره ۱۴۰۱۷۹ از جدول شماره ۵,,75.000,0.000,0.000,75.000,,4
درآمدها,فروش کالا و خدمات,فروش خدمات,هزینه دادرسی,درآمد حاصل از هزینه دادرسی,ردیف شماره ۱۴۰۱۸۰ از جدول شماره ۵,,400.000,0.000,0.000,400.000,,4
درآمدها,فروش کالا و خدمات,فروش خدمات,رآمد خدمات مدیریت بهره‌وری,رآمد حاصل از ارائه خدمات مرتبط با ارتقاء بهره‌وری در دستگاه‌های اجرایی و پیاده سازی چرخه مدیریت بهره‌وری,ردیف شماره ۱۴۰۱۸۱ از جدول شماره ۵,,10.000,0.000,0.000,10.000,,4
درآمدها,فروش کالا و خدمات,فروش خدمات,,درآمدهای حاصل از خدمات,ردیف شماره ۱۴۰۱۰۰ از جدول شماره ۵,,"7,033.135","2,814.760","37,683.978","47,531.873",,3
درآمدها,فروش کالا و خدمات,فروش کالا,درآمد فروش کالاهای کشاورزی,درآمد حاصل از فروش کالاهای کشاورزی,ردیف شماره ۱۴۰۲۰۱ از جدول شماره ۵,,8.400,2.700,0.500,11.600,,4
درآمدها,فروش کالا و خدمات,فروش کالا,درآمد چاپ، توزیع و فروش کتب و نشریات,درآمد حاصل از چاپ، توزیع و فروش کتب و نشریات و واگذاری آن‌ها,ردیف شماره ۱۴۰۲۰۳ از جدول شماره ۵,,4.370,0.000,13.310,17.680,,4
درآمدها,فروش کالا و خدمات,فروش کالا,عواید داخل پادگانی,عواید داخل پادگانی,ردیف شماره ۱۴۰۲۰۵ از جدول شماره ۵,,2.000,0.300,0.000,2.300,,4
درآمدها,فروش کالا و خدمات,فروش کالا,درآمد فروش سایر کالاها,درآمد حاصل از فروش سایر کالاها,ردیف شماره ۱۴۰۲۰۶ از جدول شماره ۵,,40.000,0.000,237.000,277.000,,4
درآمدها,فروش کالا و خدمات,فروش کالا,درآمد فعالیت‌های فضایی,درآمد حاصل از فروش و عرضه فعالیت‌های فضایی، همچنین اعطای مجوزهای فضایی,ردیف شماره ۱۴۰۲۰۷ از جدول شماره ۵,,15.000,0.000,0.000,15.000,,4
درآمدها,فروش کالا و خدمات,فروش کالا,درآمد عوارض کالاهای آسیب‌رسان,درآمد حاصل از عوارض کالاهای آسیب‌رسان,ردیف شماره ۱۴۰۲۰۸ از جدول شماره ۵,,30.000,0.000,0.000,30.000,,4
درآمدها,فروش کالا و خدمات,فروش کالا,درآمد هوشمندسازی کارت پایان خدمت,درآمد حاصل از صدور، تعویض و تبدیل کارت‌های پایان خدمت عادی و معافیت به هوشمند,ردیف شماره ۱۴۰۲۰۹ از جدول شماره ۵,,35.000,0.000,0.000,35.000,,4
درآمدها,فروش کالا و خدمات,فروش کالا,فروش نمونه‌های بازار,درآمد حاصل از فروش نمونه‌های جمع‌آوری شده از بازار,ردیف شماره ۱۴۰۲۱۰ از جدول شماره ۵,,0.000,5.000,0.000,5.000,,4
درآمدها,فروش کالا و خدمات,فروش کالا,درآمد صدور و تمدید گواهینامه مهارت,درآمد حاصل از صدور، تعویض و تمدید گواهینامه مهارت و پرپانه تاسیس آموزشگاه‌های آزاد,ردیف شماره ۱۴۰۲۱۱ از جدول شماره ۵,,6.000,0.000,0.000,6.000,,4
درآمدها,فروش کالا و خدمات,فروش کالا,,درآمدهای حاصل از فروش کالاها,ردیف شماره ۱۴۰۲۰۰ از جدول شماره ۵,,140.770,8.000,250.810,399.580,,3
درآمدها,فروش کالا و خدمات,,,درآمدهای حاصل از فروش کالاها و خدمات,ردیف شماره ۱۴۰۰۰۰ از جدول شماره ۵,,"7,173.905","2,822.760","37,934.788","47,931.453",,2
درآمدها,جریمه‌ها,جریمه‌های رانندگی,,جریمه‌های رانندگی,ردیف شماره ۱۵۰۱۰۱ از جدول شماره ۵,,0.000,"3,000.000",0.000,"3,000.000",,3
درآمدها,جریمه‌ها,جریمه‌های مربوط به مواد مخدر,,جریمه‌ها و دیگر وجوه ناشی از اجرای قانون مبارزه با مواد مخدر,ردیف شماره ۱۵۰۱۰۲ از جدول شماره ۵,,120.000,0.000,0.000,120.000,,3
درآمدها,جریمه‌ها,جریمه‌ها و مجازات قانون کار,,جریمه‌ها و مجازات قانون کار,ردیف شماره ۱۵۰۱۰۳ از جدول شماره ۵,,0.000,1.200,0.000,1.200,,3
درآمدها,جریمه‌ها,جریمه‌ها و خسارات زیست محیطی,,جریمه‌ها و خسارات زیست محیطی,ردیف شماره ۱۵۰۱۰۴ از جدول شماره ۵,,0.000,10.000,0.000,10.000,,3
درآمدها,جریمه‌ها,جریمه تخلفات صنفی,,جریمه تخلفات صنفی,ردیف شماره ۱۵۰۱۰۵ از جدول شماره ۵,,50.000,0.000,0.000,50.000,,3
درآمدها,جریمه‌ها,فروش صیدآلات، ادوات و مواد بازداشتی,,جریمه و فروش صیدآلات، ادوات و مواد بازداشتی,ردیف شماره ۱۵۰۱۰۶ از جدول شماره ۵,,32.000,0.000,0.000,32.000,,3
درآمدها,جریمه‌ها,جریمه تخلفات بهداشتی,,جریمه خلفات بهداشتی,ردیف شماره ۱۵۰۱۰۹ از جدول شماره ۵,,0.000,0.000,15.000,15.000,,3
درآمدها,جریمه‌ها,جریمه‌های انصراف تحصیلی,,جریمه‌های انصراف تحصیلی,ردیف شماره ۱۵۰۱۱۱ از جدول شماره ۵,,10.000,0.000,0.000,10.000,,3
درآمدها,جریمه‌ها,جریمه و مجازات ورود و اقامت غیر مجاز اتباع خارجی,,جریمه و مجازات ورود و اقامت غیر مجاز اتباع خارجی,ردیف شماره ۱۵۰۱۱۲ از جدول شماره ۵,,30.000,0.000,0.000,30.000,,3
درآمدها,جریمه‌ها,جریمه‌ اجرای اصلاح قانون حفظ کاربری اراضی زراعی و باغ‌ها,,جریمه‌ها و خسارت ناشی از اجرای اصلاح قانون حفظ کاربری اراضی زراعی و باغ‌ها,ردیف شماره ۱۵۰۱۱۵ از جدول شماره ۵,,90.000,0.000,0.000,90.000,,3
درآمدها,جریمه‌ها,سایر جریمه‌ها و خسارات,,سایر جریمه‌ها و خسارات,ردیف شماره ۱۵۰۱۲۰ از جدول شماره ۵,,868.000,0.400,0.000,868.400,,3
درآمدها,جریمه‌ها,خسارات طرح‌های عمرانی در باغ‌ها,,خسارات ناشی از اجرای طرح‌های عمرانی و معدنی در عرصه منابع زراعی و باغ‌ها,ردیف شماره ۱۵۰۱۲۱ از جدول شماره ۵,,120.000,0.000,0.000,120.000,,3
درآمدها,جریمه‌ها,جریمه‌های معوق رانندگی,,جریمه‌های معوق رانندگی,ردیف شماره ۱۵۰۱۲۳ از جدول شماره ۵,,"1,600.000",0.000,0.000,"1,600.000",,3
درآمدها,جریمه‌ها,درآمد مبارزه با قاچاق,,درآمد موضوع اجرای قانون مبارزه با قاچاق کالا و ارز,ردیف شماره ۱۵۰۱۲۶ از جدول شماره ۵,,185.000,0.000,0.000,185.000,,3
درآمدها,جریمه‌ها,جریمه مصرف زیاد گاز,,جریمه ناشی از مصرف گاز و فرآورده‌های نفتی مازاد بر الگوی مصرف,ردیف شماره ۱۵۰۱۲۷ از جدول شماره ۵,,20.000,0.000,0.000,20.000,,3
درآمدها,جریمه‌ها,جریمه غیبت سربازی,,جریمه زمان غیبت مشمولان,ردیف شماره ۱۵۰۱۲۸ از جدول شماره ۵,,"1,500.000",0.000,0.000,"1,500.000",,3
درآمدها,جریمه‌ها,جریمه‌های قانون پسماندها,,درآمد موضوع ماده ۱۲ آیین نامه اجرایی قانون مدیریت پسماندها,ردیف شماره ۱۵۰۱۲۹ از جدول شماره ۵,,20.000,0.000,0.000,20.000,,3
درآمدها,جریمه‌ها,جریمه‌های قانون هوای پاک,,درآمد حاصل از اجرای ماده ۳۳ قانون هوای پاک,ردیف شماره ۱۵۰۱۳۲ از جدول شماره ۵,,0.000,10.000,0.000,10.000,,3
درآمدها,جریمه‌ها,جریمه‌‌های مربوط به تالاب‌ها,,درآمد حاصل از اجرای وصول جریمه‌ها و خسارات قانون حفاظت، احیا و مدیریت تالاب‌ها,ردیف شماره ۱۵۰۱۳۳ از جدول شماره ۵,,0.000,4.000,0.000,4.000,,3
درآمدها,جریمه‌ها,,,درآمدهای حاصل از جرایم و خسارات,ردیف شماره ۱۵۰۰۰۰ از جدول شماره ۵,,"4,645.000","3,025.600",15.000,"7,685.600",,2
درآمدها,درآمدهای متفرقه,درآمدهای متفرقه,,درآمدهای متفرقه,ردیف شماره ۱۶۰۱۰۱ از جدول شماره ۵,,"1,501.000","2,180.000",518.000,"4,199.000",,3
درآمدها,درآمدهای متفرقه,درآمد قراردادهای پیمانکاری,,درآمدهای حاصل از قراردادهای پیمانکاری,ردیف شماره ۱۶۰۱۰۳ از جدول شماره ۵,,0.000,0.000,"10,300.000","10,300.000",,3
درآمدها,درآمدهای متفرقه,حق اشتراک برداشت جدید آب,,حق اشتراک برداشت جدید آب مضوع ماده ۶۳ قانون تنظیم بخشی از مقررات مالی دولت,ردیف شماره ۱۶۰۱۰۴ از جدول شماره ۵,,48.000,0.000,0.000,48.000,,3
درآمدها,درآمدهای متفرقه,مازاد درآمدهای اختصاصی دانشگاه‌ها,,مازاد درآمدهای اختصاصی دانشگاه‌ها و موسسات آموزش عالی,ردیف شماره ۱۶۰۱۰۵ از جدول شماره ۵,,0.000,0.000,370.000,370.000,,3
درآمدها,درآمدهای متفرقه,مازاد درآمدهای اختصاصی دانشگاه‌های علوم پزشکی,,مازاد درآمدهای اختصاصی دانشگاه‌های علوم پزشکی,ردیف شماره ۱۶۰۱۰۶ از جدول شماره ۵,,0.000,0.000,"2,400.000","2,400.000",,3
درآمدها,درآمدهای متفرقه,عوارض ۱۰ درصدی بیمه شخص ثالث,,درآمد حاصل از اخذ ۱۰ درصد حق بیمه شخص ثالث، سرنشین و مازاد توسط شرکت‌های بیمه تجاری بابت ارتقا کیفیت خدمات رسانی در امر حمل و نقل (بلافاصله پس از صدور بیمه‌نامه به خزانه واریز گردد),ردیف شماره ۱۶۰۱۱۱ از جدول شماره ۵,,275.000,0.000,0.000,275.000,,3
درآمدها,درآمدهای متفرقه,عوارض شماره‌گذاری خودروهای وارداتی,,عوارض شماره‌گذاری خودروهای وارداتی متناسب با میزان آلودگی و ارزش گمرکی,ردیف شماره ۱۶۰۱۱۳ از جدول شماره ۵,,800.000,0.000,0.000,800.000,,3
درآمدها,درآمدهای متفرقه,بازگشت وام محکومان نیازمند,,وجوه بازگشتی از محل تسهیلات اعطلایی به محکومین نیازمند,ردیف شماره ۱۶۰۱۱۴ از جدول شماره ۵,,0.200,0.000,0.000,0.200,,3
درآمدها,درآمدهای متفرقه,بازگشت وام زندانیان,,وجوه بازگشتی از محل تسهیلات اعطلایی به زندانیان,ردیف شماره ۱۶۰۱۱۵ از جدول شماره ۵,,25.000,0.000,0.000,25.000,,3
درآمدها,درآمدهای متفرقه,درآمد قانون ایمنی راه‌ها و راه‌آهن,,درآمد اجرای قانون ایمنی راه‌ها و راه‌آهن,ردیف شماره ۱۶۰۱۱۶ از جدول شماره ۵,,18.000,0.000,0.000,18.000,,3
درآمدها,درآمدهای متفرقه,مازاد درآمد اختصاصی دستگاه‌های اجرایی,,مازاد درآمد اختصاصی دستگاه‌های اجرایی,ردیف شماره ۱۶۰۱۲۰ از جدول شماره ۵,,0.000,0.000,13.600,13.600,,3
درآمدها,درآمدهای متفرقه,افزایش قیمت نوشابه,,افزایش ۱۵درصد به قیمت نوشابه گازدار داخلی و ۲۰درصد نوشابه‌های گازدار وارداتی,ردیف شماره ۱۶۰۱۲۳ از جدول شماره ۵,,50.000,0.000,0.000,50.000,,3
درآمدها,درآمدهای متفرقه,کارمزد ثبت سفارش,,کارمزد ثبت سفارش,ردیف شماره ۱۶۰۱۲۴ از جدول شماره ۵,,130.000,0.000,0.000,130.000,,3
درآمدها,درآمدهای متفرقه,عوارض کشتار دام و طیور,,درآمد موضوع ماده (۵) قانون نظارت شرعی بر ذبح و صید و ماده ۱۲ نظام جامع دامپروری,ردیف شماره ۱۶۰۱۲۵ از جدول شماره ۵,,7.000,0.000,0.000,7.000,,3
درآمدها,درآمدهای متفرقه,مابه‌ التفاوت از کالاهای وارداتی و کشاورزی,,درآمد حاصل از اخذ مابه‌ التفاوت از کالاهای وارداتی و کشاورزی,ردیف شماره ۱۶۰۱۲۶ از جدول شماره ۵,,100.000,0.000,0.000,100.000,,3
درآمدها,درآمدهای متفرقه,درآمدهای قانونی (مربوط به سازمان امور مالیاتی),,درآمد موضوع ماده ۳۷ قانون مالیات بر ارزش افزوده,ردیف شماره ۱۶۰۱۲۹ از جدول شماره ۵,,65.000,0.000,0.000,65.000,,3
درآمدها,درآمدهای متفرقه,درآمدهای قانونی (مربوط به تشکل‌های صنفی),,درآمد حاصل از اخذ ۱۰ درصد حق بیمه شخص ثالث، سرنشین و مازاد توسط شرکت‌های بیمه تجاری بابت ارتقا کیفیت خدمات رسانی در امر حمل و نقل (بلافاصله پس از صدور بیمه‌نامه به خزانه واریز گردد),ردیف شماره ۱۶۰۱۳۰ از جدول شماره ۵,,26.800,0.000,0.000,26.800,,3
درآمدها,درآمدهای متفرقه,درآمدهای قانونی (مربوط به آموزش حین خدمت),,درآمد موضوع تبصره ۳ ماده ۳۸ قانون مالیت بر ارزش افزوده,ردیف شماره ۱۶۰۱۳۱ از جدول شماره ۵,,90.000,0.000,0.000,90.000,,3
درآمدها,درآمدهای متفرقه,عوارض واردات میوه و سبزیجات,,درآمد حاصل از اخذ عوارض از واردات میوه و سبزیجات و سموم کشاورزی,ردیف شماره ۱۶۰۱۳۲ از جدول شماره ۵,,70.000,0.000,0.000,70.000,,3
درآمدها,درآمدهای متفرقه,درآمد معاینه فنی خودروها,,درآمد حاصل از معاینه فنی خودروها,ردیف شماره ۱۶۰۱۳۳ از جدول شماره ۵,,0.200,0.000,0.000,0.200,,3
درآمدها,درآمدهای متفرقه,درآمد سازمان حسابرسی وزارت دفاع,,درآمد حاصل از سازمان حسابرسی وزارت دفاع و پشتیبانی نیروهای مسلح,ردیف شماره ۱۶۰۱۳۴ از جدول شماره ۵,,0.000,0.000,5.500,5.500,,3
درآمدها,درآمدهای متفرقه,عوارض واردات گوشت قرمز و مرغ,,عوارض واردات گوشت قرمز و مرغ,ردیف شماره ۱۶۰۱۳۵ از جدول شماره ۵,,30.000,0.000,0.000,30.000,,3
درآمدها,درآمدهای متفرقه,درآمد ثبت املاک,,هزینه تفکیک و پاسخ استعلام برای املاک ثبت شده,ردیف شماره ۱۶۰۱۳۸ از جدول شماره ۵,,160.000,0.000,0.000,160.000,,3
درآمدها,درآمدهای متفرقه,مابه‌التفاوت نرخ دلارهای نفتی,,مابه‌التفاوت نرخ فروش ارز حاصل از فروش نفت خام و میعانات گازی,ردیف شماره ۱۶۰۱۳۹ از جدول شماره ۵,,"10,000.000",0.000,0.000,"10,000.000",,3
درآمدها,درآمدهای متفرقه,مازاد درآمد اختصاصی موسسات تحقیقاتی کشاورزی,,مازاد درآمد اختصاصی موسسات تحقیقاتی سازمان تحقیقات، آموزش و ترویج کشاورزی,ردیف شماره ۱۶۰۱۴۱ از جدول شماره ۵,,0.000,0.000,15.000,15.000,,3
درآمدها,درآمدهای متفرقه,عوارض تولید و واردات وسائط نقلیه,,عوارض از تولید و واردات وسائط نقلیه,ردیف شماره ۱۶۰۱۴۲ از جدول شماره ۵,,80.000,0.000,0.000,80.000,,3
درآمدها,درآمدهای متفرقه,یک درصد قیمت بلیط هواپیما و کشتی,,یک درصد قیمت بلیط هواپیما و کشتی,ردیف شماره ۱۶۰۱۴۳ از جدول شماره ۵,,20.000,0.000,0.000,20.000,,3
درآمدها,درآمدهای متفرقه,عوارض واردات کالاها و محصولات فرهنگی,,عوارض واردات کالاها و محصولات فرهنگی,ردیف شماره ۱۶۰۱۴۵ از جدول شماره ۵,,20.000,0.000,0.000,20.000,,3
درآمدها,درآمدهای متفرقه,افزایش عوارض واردات خودرو,,افزایش عوارض واردات خودروهای سواری به میزان ۵ درصد قیمت روی کشتی,ردیف شماره ۱۶۰۱۴۸ از جدول شماره ۵,,300.000,0.000,0.000,300.000,,3
درآمدها,درآمدهای متفرقه,درآمد واگذاری آزاد راه‌های تهران - قزوین,,درآمد اجرای قانون اجازه واگذاری حق دریافت آزاد راه‌های تهران – کرج و کرج – قزوین,ردیف شماره ۱۶۰۱۵۲ از جدول شماره ۵,,7.000,0.000,0.000,7.000,,3
درآمدها,درآمدهای متفرقه,افزایش ۲۰ درصد به قیمت هر لیتر نفت گاز,,افزایش ۲۰ درصد به قیمت هر لیتر نفت گاز,ردیف شماره ۱۶۰۱۵۳ از جدول شماره ۵,,"1,300.000",0.000,0.000,"1,300.000",,3
درآمدها,درآمدهای متفرقه,دریافت هزینه و قیمت اراضی رفع تداخل شده,,دریافت هزینه و قیمت اراضی رفع تداخل شده موضوع ماده ۵۴ قانون رفع موانع تولید,ردیف شماره ۱۶۰۱۵۶ از جدول شماره ۵,,15.000,0.000,0.000,15.000,,3
درآمدها,درآمدهای متفرقه,درآمد‌های قانونی (مربوط به املاک و اراضی),,درآمد حاصل از اجرای ماده ۱۷ قانون جامع حدنگار,ردیف شماره ۱۶۰۱۵۷ از جدول شماره ۵,,800.000,0.000,325.000,"1,125.000",,3
درآمدها,درآمدهای متفرقه,درآمد اسکن کامیون,,درآمد حاصل از اسکن هر کامیون توسط دستگاه‌های کنترلی پرتونگاری,ردیف شماره ۱۶۰۱۶۱ از جدول شماره ۵,,90.000,0.000,0.000,90.000,,3
درآمدها,درآمدهای متفرقه,سهم سازمان نوسازی مدارس,,۲۰ درصد سهم سازمان نوسازی و توسعه و تجهیز مدارس,ردیف شماره ۱۶۰۱۶۲ از جدول شماره ۵,,0.000,0.000,0.000,0.000,,3
درآمدها,درآمدهای متفرقه,درآمد قانونی (مربوط به شهرهای جدید),,درآمد موضوع تبصره ذیل ماده (۵) قانون ایجاد شهرهای جدید,ردیف شماره ۱۶۰۱۶۳ از جدول شماره ۵,,20.000,0.000,0.000,20.000,,3
درآمدها,درآمدهای متفرقه,هزینه‌ تراکنش‌های بانکی,,هزینه‌های دریافتی بابت تراکنش‌ها در نظام بانکداری الکترونیکی,ردیف شماره ۱۶۰۱۶۴ از جدول شماره ۵,,500.000,0.000,0.000,500.000,,3
درآمدها,درآمدهای متفرقه,درآمدهای ناشی از طرح دعاوی در دادگاه‌های خارجی,,کلیه وجوه ارزی ناشی از طرح دعاوی در مراجع بین المللی و کشورهای خارجی,ردیف شماره ۱۶۰۱۶۵ از جدول شماره ۵,,"2,000.000",0.000,0.000,"2,000.000",,3
درآمدها,درآمدهای متفرقه,درآمد بیمه خسارات شخص ثالث,,درآمد موضوع ماده ۲۴ قانون بیمه اجباری خسارات وارد شده به شخص ثالث,ردیف شماره ۱۶۰۱۶۹ از جدول شماره ۵,,0.000,0.000,680.000,680.000,,3
درآمدها,درآمدهای متفرقه,درآمد قانونی مربوط به فضای ورزشی کارگران,,درآمد حاصل جهت تکمیل فضاهای ورزشی کارگران (ماده ۷۸ قانون وصول برخی از درآمدهای دولت و مصرف در موارد معین),ردیف شماره ۱۶۰۱۷۱ از جدول شماره ۵,,40.000,0.000,0.000,40.000,,3
درآمدها,درآمدهای متفرقه,بدهی‌ سازمان‌ گسترش و نوسازی صنایع,,بدهی‌ سازمان‌های گسترش و نوسازی صنایع، توسعه و نوسازی معادن و صنایع معدنی و صنایع پتروشیمی به دولت,ردیف شماره ۱۶۰۱۷۲ از جدول شماره ۵,,400.000,0.000,0.000,400.000,,3
درآمدها,درآمدهای متفرقه,افزایش حق‌التحریر طلاق,,درآمد حاصل از افزایش ۱۰ درصد به حق‌التحریر طلاق,ردیف شماره ۱۶۰۱۷۳ از جدول شماره ۵,,3.000,0.000,0.000,3.000,,3
درآمدها,درآمدهای متفرقه,عوارض ورود کالا در مناطق آزاد,,درآمد حاصل از یک درصد عوارض ورود کالا و خدمات مناطق آزاد,ردیف شماره ۱۶۰۱۷۴ از جدول شماره ۵,,20.000,0.000,0.000,20.000,,3
درآمدها,درآمدهای متفرقه,عوارض برق ,,عوارض برق - موضوع ماده ۵ قانون حمایت از صنعت برق کشور (سازمان انرژی‌های تجدیدپذیر وبهره‌وری انرژی برق ساتبا),ردیف شماره ۱۶۰۱۷۵ از جدول شماره ۵,,"1,500.000",0.000,0.000,"1,500.000",,3
درآمدها,درآمدهای متفرقه,عوارض واردات داروهای دامپزشکی,,درآمد حاصل از اخذ عوارض واردات سموم و داروهای دامپزشکی آماده مصرف و واکسن‌های طیور,ردیف شماره ۱۶۰۱۷۶ از جدول شماره ۵,,20.000,0.000,0.000,20.000,,3
درآمدها,درآمدهای متفرقه,عوارض صادراتی برمواد خام,,درآمدحاصل از وضع عوارض صادراتی برمواد خام و کالاهای با ارزش افزوده پائین موضوع ماده ۳۷ قانون رفع موانع تولید رقابت پذیر,ردیف شماره ۱۶۰۱۷۷ از جدول شماره ۵,,25.000,0.000,0.000,25.000,,3
درآمدها,درآمدهای متفرقه,عوارض فروش بازی‌‌های رایانه‌ای خارجی,,درآمدحاصل از ۱۰ درصد از فروش بازی‌های برخط خارجی و بازی‌های رایانه ای خارجی,ردیف شماره ۱۶۰۱۷۸ از جدول شماره ۵,,20.000,0.000,0.000,20.000,,3
درآمدها,درآمدهای متفرقه,خودروهای فرسوده,,درآمد حاصل از رده خارج کردن خودروهای فرسوده,ردیف شماره ۱۶۰۱۷۹ از جدول شماره ۵,,200.000,0.000,0.000,200.000,,3
درآمدها,درآمدهای متفرقه,عوارض واردات دریایی سنتی,,درآمد حاصل از ورود کالا توسط ملوانان شناورهای دریایی سنتی با ظرفیت کمتر از ۵۰۰ تن,ردیف شماره ۱۶۰۱۸۰ از جدول شماره ۵,,20.000,0.000,0.000,20.000,,3
درآمدها,درآمدهای متفرقه,افزایش عوارض گمرکی خودرو,,درآمد حاصل از وضع عوارض از افزایش ۱۰ درصد ارزش گمرکی خودروهای بنزین سوز,ردیف شماره ۱۶۰۱۸۱ از جدول شماره ۵,,250.000,0.000,0.000,250.000,,3
درآمدها,درآمدهای متفرقه,برگشتی اقساط زلزله ورزقان,,درآمد حاصل از برگشتی اقساط زلزله سال ۱۳۹۱ آذربایجان شرقی,ردیف شماره ۱۶۰۱۸۲ از جدول شماره ۵,,20.000,0.000,0.000,20.000,,3
درآمدها,درآمدهای متفرقه,درآمد اجرای طرح ترافیک,,درآمدحاصل از اجرای طرح ناحیه کاهش آلودگی هوا,ردیف شماره ۱۶۰۱۸۳ از جدول شماره ۵,,0.000,150.000,0.000,150.000,,3
درآمدها,درآمدهای متفرقه,حق مسکن سازمانی نیروهای مسلح,,درآمد حاصل از حق مسکن خانه‌های سازمانی نیروهای مسلح,ردیف شماره ۱۶۰۱۸۴ از جدول شماره ۵,,150.000,0.000,0.000,150.000,,3
درآمدها,درآمدهای متفرقه,,,درآمدهای متفرقه,ردیف شماره ۱۶۰۰۰۰ از جدول شماره ۵,,"21,216.200","2,330.000","14,627.100","38,173.300",,2
درآمدها,,,,درآمدها,ردیف شماره ۱۰۰۰۰۰ از جدول شماره ۵,,"99,363.562","94,038.905","56,578.089","249,980.556",,1
منابع نفتی,نفت,فروش نفت خام,,منابع حاصل از ارزش نفت خام,ردیف شماره ۲۱۰۱۰۱ از جدول شماره ۵,,"95,931.440",0.000,0.000,"95,931.440",درآمد فروش نفت طبق لایحه بودجه ۱۳۹۷ به چهار قسمت تقسیم می‌شود. ۱۴/۵ درصد هزینه تولید نفت برای شرکت ملی نفت، ۳۲ درصد صندوق توسعه ملی، ۳ درصد برای توسعه مناطق نفت‌خیز و محروم و بقیه در این ردیف آمده است. ,3
منابع نفتی,نفت,۳ درصد نفت مناطق محروم,,۳ درصد فروش نفت خام برای مناطق نفت‌خیز و محروم,ردیف شماره ۲۱۰۱۰۹ از جدول شماره ۵,,"5,080.000",0.000,0.000,"5,080.000",,3
منابع نفتی,نفت,ذخبره ارزی یا اوراق مالی,,منابع موضوع بند ج تبصره ۱ قانون بودجه سال ۱۳۹۶,ردیف شماره ۲۱۰۱۱۱ از جدول شماره ۵,,0.000,0.000,0.000,0.000,,3
منابع نفتی,نفت,مازاد صادرات نفت,,مازاد منابع حاصل از صادرات نفت خام و میعانات گازی,ردیف شماره ۲۱۰۱۱۲ از جدول شماره ۵,,0.000,0.000,0.000,0.000,,3
منابع نفتی,نفت,,,منابع حاصل از نفت و فرآورده‌های نفتی,ردیف شماره ۲۱۰۱۰۰ از جدول شماره ۵,,"101,011.441",0.000,0.000,"101,011.441",درآمد فروش نفت طبق لایحه بودجه ۱۳۹۷ به چهار قسمت تقسیم می‌شود. ۱۴/۵ درصد هزینه تولید نفت برای شرکت ملی نفت، ۳۲ درصد صندوق توسعه ملی، ۳ درصد برای توسعه مناطق نفت‌خیز و محروم و بقیه برای منابع عمومی. از ان چهار قسمت فقط دو مورد آخر در این بخش، یعنی قسمت منابع نفتی آمده است. ,2
منابع نفتی,فروش اموال,فروش ساختمان‌ها,,فروش ساختمان‌ها و تاسیسات دولتی,ردیف شماره ۲۱۰۲۰۱ از جدول شماره ۵,,862.100,0.000,0.000,862.100,,3
منابع نفتی,فروش اموال,فروش اراضی,,فروش و واگذاری اراضی دولتی,ردیف شماره ۲۱۰۲۰۲ از جدول شماره ۵,,459.400,0.000,0.000,459.400,,3
منابع نفتی,فروش اموال,فروش ماشین‌آلات,,فروش ماشین‌آلات و تجهیزات دستگاه‌های دولتی,ردیف شماره ۲۱۰۲۰۳ از جدول شماره ۵,,0.400,0.300,34.000,34.700,,3
منابع نفتی,فروش اموال,فروش سایر دارایی‌های دولت,,فروش و واگذاری سایر دارایی‌های سرمایه‌ای,ردیف شماره ۲۱۰۲۰۴ از جدول شماره ۵,,25.000,0.000,250.000,275.000,,3
منابع نفتی,فروش اموال,فروش پادگان‌ها,,فروش پادگان‌ها به شهرداری,ردیف شماره ۲۱۰۲۰۹ از جدول شماره ۵,,25.000,0.000,0.000,25.000,,3
منابع نفتی,فروش اموال,فروش خانه‌های سازمانی,,فروش خانه‌های سازمانی,ردیف شماره ۲۱۰۲۱۰ از جدول شماره ۵,,25.200,0.000,0.000,25.200,,3
منابع نفتی,فروش اموال,واگذاری اراضی برای عشایر,,منابع حاصل از واگذاری اراضی برای اسکان عشایر,ردیف شماره ۲۱۰۲۱۱ از جدول شماره ۵,,0.100,0.000,0.000,0.100,,3
منابع نفتی,فروش اموال,منابع صندوق‌ توسعه کشاورزی,,منابع حاصل از ماده ۱۲ قانون تشکیل وزارت جهاد کشاورزی,ردیف شماره ۲۱۰۲۱۲ از جدول شماره ۵,,50.000,0.000,0.000,50.000,,3
منابع نفتی,فروش اموال,فروش زندان‌های قدیمی,,فروش زندان‌های قدیمی و اموال منقول مازاد سازمان زندان‌ها,ردیف شماره ۲۱۰۲۱۴ از جدول شماره ۵,,100.000,0.000,0.000,100.000,,3
منابع نفتی,فروش اموال,فروش عشایری,,سازمان امور عشایری - فروش فروشگاه ها، جایگاه‌های سوخت سنگواره‌ای فسیلی، انبارهای ذخیره علوفه و کالا,ردیف شماره ۲۱۰۲۱۵ از جدول شماره ۵,,2.500,0.000,0.000,2.500,,3
منابع نفتی,فروش اموال,,,منابع حاصل از فروش و واگذاری اموال منقول و غیرمنقول,ردیف شماره ۲۱۰۲۰۰ از جدول شماره ۵,,"1,549.700",0.300,284.000,"1,834.000",,2
منابع نفتی,واگذاری طرح‌های عمرانی,,,منابع حاصل از واگذاری طرح‌های تملک دارایی‌های سرمایه‌ای,ردیف شماره ۲۱۰۳۰۰ از جدول شماره ۵,,"4,000.000",0.000,0.000,"4,000.000",,2
منابع نفتی,,,,منابع حاصل از واگذاری دارایی‌های سرمایه‌ای,ردیف شماره ۲۰۰۰۰۰ از جدول شماره ۵,,"106,561.141",0.300,284.000,"106,845.441",,1
منابع مالی,اوراق مالی,فروش اسناد خزانه,,فروش اسناد خزانه اسلامی,ردیف شماره ۳۱۰۱۰۳ از جدول شماره ۵,,"9,500.000",0.000,0.000,"9,500.000",,3
منابع مالی,اوراق مالی,دریافت مطالبات دولت,,دریافت مطالبات قطعی دولت از اشخاص حقیقی و حقوقی تعاونی و خصوصی,ردیف شماره ۳۱۰۱۰۶ از جدول شماره ۵,,"3,000.000",0.000,0.000,"3,000.000",,3
منابع مالی,اوراق مالی,انتشار اوراق جدید برای تسویه اوراق قبلی,,انتشار اوراق اسلامی برای بازپرداخت اصل و سود اوراق سررسید شده در سال ۱۳۹۶,ردیف شماره ۳۱۰۱۰۷ از جدول شماره ۵,,0.000,0.000,0.000,0.000,,3
منابع مالی,اوراق مالی,انتشار اوراق مالی اسلامی,,انتشار اوراق مالی اسلامی,ردیف شماره ۳۱۰۱۰۸ از جدول شماره ۵,,"26,000.000",0.000,0.000,"26,000.000",,3
منابع مالی,اوراق مالی,,,منابع حاصل از فروش و واگذاری انواع اوراق مالی اسلامی,ردیف شماره ۳۱۰۱۰۰ از جدول شماره ۵,,"38,500.000",0.000,0.000,"38,500.000",,2
منابع مالی,وام خارجی,,,منابع حاصل از استفاده از تسهیلات خارجی - وصولی از محل تسهیلات سایر بانک‌ها و منابع خارجی,ردیف شماره ۳۱۰۲۰۰ از جدول شماره ۵,,355.000,0.000,0.000,355.000,,2
منابع مالی,دریافت اصل وام‌ها,دریافت اصل وام‌ها,,دریافت اصل وام‌های داخلی دولت – موضوع ماده ۳۲ قانون برنامه و بودجه,ردیف شماره ۳۱۰۴۰۲ از جدول شماره ۵,,"1,133.842",0.000,0.000,"1,133.842",,3
منابع مالی,دریافت اصل وام‌ها,دریافت وام‌های داخلی از شرکت‌های دولتی,,دریافت وام‌های داخلی دولت از شرکت‌های آب، برق، آب و فاضلاب، مخابرات، نفت و گاز,ردیف شماره ۳۱۰۴۰۳ از جدول شماره ۵,,107.600,0.000,0.000,107.600,,3
منابع مالی,دریافت اصل وام‌ها,,,منابع حاصل از دریافت اصل وام‌‌ها,ردیف شماره ۳۱۰۴۰۰ از جدول شماره ۵,,"1,241.442",0.000,0.000,"1,241.442",,2
منابع مالی,واگذاری شرکت‌های دولتی,واگذاری شرکت‌های دولتی,,واگذاری شرکت‌های دولتی,ردیف شماره ۳۱۰۵۰۱ از جدول شماره ۵,,"4,880.000",0.000,0.000,"4,880.000",,3
منابع مالی,واگذاری شرکت‌های دولتی,واگذاری نیروگاه‌ها,,واگذاری سهام، امول و دارایی‌های نیروگاه‌های متعلق به دولت و شرکت‌های وابسته,ردیف شماره ۳۱۰۵۰۲ از جدول شماره ۵,,"1,220.000",0.000,0.000,"1,220.000",,3
منابع مالی,واگذاری شرکت‌های دولتی,واگذاری شرکت‌های کشاورزی,,فروش سهام شرکت‌های دولتی وابسته به جهاد کشاورزی,ردیف شماره ۳۱۰۵۱۵ از جدول شماره ۵,,50.000,0.000,0.000,50.000,,3
منابع مالی,واگذاری شرکت‌های دولتی,,,منابع حاصل از واگذاری شرکت‌های دولتی,ردیف شماره ۳۱۰۵۰۰ از جدول شماره ۵,,"6,150.000",0.000,0.000,"6,150.000",,2
منابع مالی,برگشتی سال‌های قبل,برگشتی سال‌های قبل,,منابع حاصل از برگشتی پرداخت‌های سال‌های قبل,ردیف شماره ۳۱۰۶۰۱ از جدول شماره ۵,,218.650,0.000,0.000,218.650,,3
منابع مالی,برگشتی سال‌های قبل,برگشتی تسهیلات اداره شده,,منابع حاصل از برگشتی از محل تسهیلات اعطایی وجوه اداره شده,ردیف شماره ۳۱۰۶۰۲ از جدول شماره ۵,,150.000,0.000,0.000,150.000,,3
منابع مالی,برگشتی سال‌های قبل,واریز وجوه اداره شده بانک‌ها,,واریز وجوه اداره شده نزد بانک ها,ردیف شماره ۳۱۰۶۰۵ از جدول شماره ۵,,100.000,0.000,0.000,100.000,,3
منابع مالی,برگشتی سال‌های قبل,,,منابع حاصل از برگشتی پرداخت‌های سال‌های قبل,ردیف شماره ۳۱۰۶۰۰ از جدول شماره ۵,,468.650,0.000,0.000,468.650,,2
منابع مالی,منابع صندوق توسعه ملی,افزایش سرمایه صندوق نوآوری,,منابع حاصل از استفاده از صندوق توسعه ملی برای افزایش سرمایه صندوق نوآوری و شکوفائی,ردیف شماره ۳۱۰۷۰۴ از جدول شماره ۵,,700.000,0.000,0.000,700.000,,3
منابع مالی,منابع صندوق توسعه ملی,حمایت از شرکت‌های دانش‌بنیان,,منابع حاصل از استفاده از صندوق توسعه ملی موضوع بند و تبصره ۴ (۲۰۰ میلیون دلار بابت حمایت از شرکت‌های دانش‌بنیان),ردیف شماره ۳۱۰۷۰۵ از جدول شماره ۵,,"20,320.000",0.000,0.000,"20,320.000",,3
منابع مالی,منابع صندوق توسعه ملی,,,استفاده از صندوق توسعه ملی برای افزایش سرمایه صندوق نو‌آوری و شکوفایی,ردیف شماره ۳۱۰۷۰۰ از جدول شماره ۵,,"21,020.000",0.000,0.000,"21,020.000",,2
منابع مالی,سایر واگذاری‌ها,,,منابع حاصل از سایر واگذاری‌ها - واگذاری باقیمانده سهام دولت در بانک‌ها و بیمه ها,ردیف شماره ۳۱۰۸۰۰ از جدول شماره ۵,,350.000,0.000,0.000,350.000,,2
منابع مالی,,,,منابع حاصل از واگذاری دارایی‌های مالی,ردیف شماره ۳۰۰۰۰۰ از جدول شماره ۵,,"68,085.092",0.000,0.000,"68,085.092",,1
منابع لایحه بودجه ۱۳۹۷,,,,منابع بودجه عمومی شامل درآمدها، منابع حاصل از واگذاری دارایی‌های سرمایه‌ای و دارایی‌های مالی,جدول شماره ۵ لایجه بودجه سال ۱۳۹۷، ماده واحده و جداول کلان منابع و مصارف بودجه,,"274,009.795","94,039.205","56,862.089","424,911.089",,0